{
  "experiment_config": {
    "strategy": "FedAvg",
    "num_server_rounds": 3,
    "poison_rate": 0.4,
    "dirichlet_alpha": 0.3,
    "learning_rate": 0.1,
    "fraction_evaluate": 0.5,
    "timestamp": "2026-04-14T13:10:14.515017"
  },
  "rounds": [
    {
      "round": 0,
      "accuracy": 0.1001,
      "loss": 2.305012838749946
    },
    {
      "round": 1,
      "accuracy": 0.1,
      "loss": 2.304486036300659
    },
    {
      "round": 2,
      "accuracy": 0.0998,
      "loss": 2.302224394641345
    },
    {
      "round": 3,
      "accuracy": 0.1205,
      "loss": 2.280747962903373
    }
  ],
  "final_accuracy": 0.1205,
  "final_loss": 2.280747962903373,
  "total_rounds_completed": 4
}