{
  "experiment_config": {
    "strategy": "FedAvg",
    "num_server_rounds": 3,
    "poison_rate": 0.4,
    "dirichlet_alpha": 0.3,
    "learning_rate": 0.1,
    "fraction_evaluate": 0.5,
    "timestamp": "2026-04-14T12:55:41.729906"
  },
  "rounds": [
    {
      "round": 0,
      "accuracy": 0.1002,
      "loss": 2.3044676871239385
    },
    {
      "round": 1,
      "accuracy": 0.1,
      "loss": 2.3049508378475525
    },
    {
      "round": 2,
      "accuracy": 0.1,
      "loss": 2.2931776016573364
    },
    {
      "round": 3,
      "accuracy": 0.1656,
      "loss": 2.254155741462225
    }
  ],
  "final_accuracy": 0.1656,
  "final_loss": 2.254155741462225,
  "total_rounds_completed": 4
}